{"name":"564824d6-cf35-4301-825f-de46b6527ae3","id":"/providers/Microsoft.Flow/flows/564824d6-cf35-4301-825f-de46b6527ae3","type":"Microsoft.Flow/flows","properties":{"apiId":"/providers/Microsoft.PowerApps/apis/shared_logicflows","displayName":"My Completed ToDo List","definition":{"metadata":{"workflowEntityId":null,"processAdvisorMetadata":null,"flowclientsuspensionreason":"None","flowclientsuspensiontime":null,"flowclientsuspensionreasondetails":null,"creator":{"id":"9165a1bf-6bd0-401c-9ec0-936362b6e709","type":"User","tenantId":"75c416c8-a50a-4a39-938c-48f0658cec01"},"provisioningMethod":"FromDefinition","failureAlertSubscription":true,"clientLastModifiedTime":"2023-01-14T02:08:31.6992175Z"},"$schema":"https://schema.management.azure.com/providers/Microsoft.Logic/schemas/2016-06-01/workflowdefinition.json#","contentVersion":"1.0.0.0","parameters":{"$connections":{"defaultValue":{},"type":"Object"},"$authentication":{"defaultValue":{},"type":"SecureObject"}},"triggers":{"When_a_to-do_in_a_specific_folder_is_updated_(V2)":{"recurrence":{"frequency":"Minute","interval":1},"splitOn":"@triggerOutputs()?['body']","metadata":{"operationMetadataId":"2cdc8821-400c-424d-90ab-cd734e450750"},"type":"OpenApiConnection","inputs":{"host":{"apiId":"/providers/Microsoft.PowerApps/apis/shared_todo","connectionName":"shared_todo","operationId":"OnUpdateToDoInFolderV2"},"parameters":{"folderId":"AAMkAGU4NGMzMzRjLTYxMDAtNDgwNi04YzM3LWFmNjg0NzI2N2FkMgAuAAAAAAAdiDya-laOSqhwCcB946QTAQAp4ozATklYQIpJB0u72i_IAER_8nE1AAA="},"authentication":"@parameters('$authentication')"},"conditions":[{"expression":"@equals(triggerOutputs()?['body/status'], 'completed')"}]}},"actions":{"Initialize_variable":{"runAfter":{},"metadata":{"operationMetadataId":"aaebb4a9-e401-418c-a4c4-7f415e8d1a5f"},"type":"InitializeVariable","inputs":{"variables":[{"name":"Category","type":"string"}]}},"GetCategory":{"actions":{"TodoArray":{"runAfter":{},"metadata":{"operationMetadataId":"4c68aad9-33df-46c0-b1d6-557704332bbd"},"type":"Compose","inputs":"@triggerOutputs()?['body']"},"Category":{"runAfter":{"TodoArray":["Succeeded"]},"metadata":{"operationMetadataId":"a58a9344-3799-473c-94b3-860ae497b0f6"},"type":"Compose","inputs":"@outputs('TodoArray')?['Categories']"},"Set_variable":{"runAfter":{"Category":["Succeeded"]},"metadata":{"operationMetadataId":"3ba61e87-9dff-4ce9-8edb-2fb40c56ef79"},"type":"SetVariable","inputs":{"name":"Category","value":"@{outputs('Category')}"}},"Compose":{"runAfter":{"Set_variable":["Succeeded"]},"metadata":{"operationMetadataId":"7ff63811-596b-4608-8a5a-d4b17e3a8a77"},"type":"Compose","inputs":"@substring(variables('Category'),1,sub(length(variables('Category')),2))"}},"runAfter":{"Initialize_variable":["Succeeded"]},"metadata":{"operationMetadataId":"4a36612c-3c80-402e-bdf4-03618b0d6b36"},"type":"Scope"},"Error_Handling":{"actions":{"Results":{"runAfter":{},"metadata":{"operationMetadataId":"5ff2a6d7-18fe-4a04-bc99-d5cbb0664888"},"type":"Query","inputs":{"from":"@result('Writetolist')","where":"@equals(item()?['Status'], 'Failed')"}},"Select_Results":{"runAfter":{"Results":["Succeeded"]},"metadata":{"operationMetadataId":"738436eb-4c3e-4c9e-aa4d-f567bd8b9c13"},"type":"Select","inputs":{"from":"@body('Results')","select":{"Action Name":"@item()?['name']","Error Message":"@item()?['error/message']","Error Code":"@coalesce(item()?['error']?['code'], item()?['code'])"}}},"Create_HTML_table_from_Results":{"runAfter":{"Select_Results":["Succeeded"]},"metadata":{"operationMetadataId":"2d9110f6-7598-4651-9076-d30147852a33"},"type":"Table","inputs":{"from":"@body('Select_Results')","format":"HTML"}},"Workflow_URL":{"runAfter":{"Workflow_Info":["Succeeded"]},"metadata":{"operationMetadataId":"f624ae16-56e4-4293-ac9b-a358e115f98b"},"type":"Compose","inputs":"https://make.powerautomate.com/environments/@{outputs('Workflow_Info')?['tags']?['environmentName']}/flows/@{outputs('Workflow_Info')?['name']}/runs/@{outputs('Workflow_Info')?['run']?['name']}"},"Workflow_Info":{"runAfter":{"Create_HTML_table_from_Results":["Succeeded"]},"metadata":{"operationMetadataId":"efc66b1d-6d24-404a-8bf9-f59f4493be79"},"type":"Compose","inputs":"@workflow()"},"Terminate":{"runAfter":{"Send_an_email_(V2)":["Succeeded"]},"metadata":{"operationMetadataId":"3b836f90-f125-42e8-89e6-4a075da4620e"},"type":"Terminate","inputs":{"runStatus":"Cancelled"}},"Send_an_email_(V2)":{"runAfter":{"Create_item_2":["Succeeded"]},"metadata":{"operationMetadataId":"570ea801-3657-41ad-a50c-b1c40ffb8188"},"type":"OpenApiConnection","inputs":{"host":{"apiId":"/providers/Microsoft.PowerApps/apis/shared_office365","connectionName":"shared_office365","operationId":"SendEmailV2"},"parameters":{"emailMessage/To":"tarnold@ttcu.com","emailMessage/Subject":"Flow has failed! @{workflow()?['tags/FlowDispalyName']}","emailMessage/Body":"<p>@{outputs('CSS')}@{body('Create_HTML_table_from_Results')}<br>\n<br>\n<a href=\"@{outputs('Workflow_URL')}\"&>Click here</a>\n</p>","emailMessage/Importance":"Normal"},"authentication":"@parameters('$authentication')"}},"Create_item_2":{"runAfter":{"CSS":["Succeeded"]},"metadata":{"operationMetadataId":"cb6574f4-9481-4447-b877-3772e67533f0"},"type":"OpenApiConnection","inputs":{"host":{"apiId":"/providers/Microsoft.PowerApps/apis/shared_sharepointonline","connectionName":"shared_sharepointonline","operationId":"PostItem"},"parameters":{"dataset":"https://ttcuthecu-my.sharepoint.com/personal/tarnold_ttcu_com","table":"10015b93-61c9-4448-a696-10ed7d73f688","item/Title":"@Workflow()?['tags/flowDisplayName']","item/ActionName":"@First(body('Results'))?['name']","item/ErrorCode":"@coalesce(First(body('Results'))?['error']?['code'], First(body('Results'))?['code'])","item/ErrorMessage":"@First(body('Results'))?['error']?['message']","item/FlowHistoryLink":"@outputs('Workflow_URL')"},"authentication":"@parameters('$authentication')"}},"CSS":{"runAfter":{"Workflow_URL":["Succeeded"]},"metadata":{"operationMetadataId":"3adb912a-f34a-4da9-b08a-60a6080ba9b8"},"type":"Compose","inputs":"<style>\nTable {\n  font-family: Arial, Helvetica, sans-serif;\n  background-color: #EEEEEE;\n  border-collapse: collapse;\n  width: 100%;\n}\n\nTable td, Table th {\n  border: 1px solid #ddd;\n  padding: 3px 3px;\n}\n\nTable th {\n  font-size: 15px;\n  font-weight: bold;\n  padding-top: 12px;\n  padding-bottom: 12px;\n  text-align: left;\n  background-color: #1C6EA4;\n  color: white;\n}\n</style>"}},"runAfter":{"Writetolist":["Failed","Skipped","TimedOut"]},"metadata":{"operationMetadataId":"09435f51-59c8-43ac-bae2-294e4f052e2e"},"type":"Scope","description":"Change the \"results\" expression in the from field to match the connector or Scope. Then configure run after to for failed, skipped, and timed out."},"Writetolist":{"actions":{"Current_time":{"runAfter":{},"metadata":{"operationMetadataId":"7a1074bb-e8b7-4441-8be0-b41a144915cf"},"type":"Expression","kind":"CurrentTime","inputs":{}},"Create_item":{"runAfter":{"Current_time":["Succeeded"]},"metadata":{"operationMetadataId":"3f6060b2-5978-4a23-909c-c8631174ef8d"},"type":"OpenApiConnection","inputs":{"host":{"apiId":"/providers/Microsoft.PowerApps/apis/shared_sharepointonline","connectionName":"shared_sharepointonline","operationId":"PostItem"},"parameters":{"dataset":"https://ttcuthecu-my.sharepoint.com/personal/tarnold_ttcu_com","table":"f4b6b883-5e70-4584-9431-6c06de637130","item/Title":"@triggerOutputs()?['body/title']","item/Body":"@triggerOutputs()?['body/body/content']","item/Priority_x0020_":"@substring(outputs('Compose'),1,sub(length(outputs('Compose')),2))","item/CompletionDate":"@triggerOutputs()?['body/completedDateTime/dateTime']","item/ModifiedDate":"@triggerOutputs()?['body/lastModifiedDateTime']","item/DueDate":"@triggerOutputs()?['body/dueDateTime/dateTime']","item/RemindMe":"@triggerOutputs()?['body/reminderDateTime/dateTime']"},"authentication":"@parameters('$authentication')"}}},"runAfter":{"GetCategory":["Succeeded"]},"metadata":{"operationMetadataId":"6de289fa-921b-4498-9b55-37ab9067b489"},"type":"Scope"}}},"connectionReferences":{"shared_sharepointonline":{"connectionName":"shared-sharepointonl-4b336501-9dcd-4329-8e62-2b15b9904e8b","source":"Embedded","id":"/providers/Microsoft.PowerApps/apis/shared_sharepointonline","tier":"NotSpecified"},"shared_office365":{"connectionName":"362cfe59-add7-4fc4-a4f5-be0f-5405c861","source":"Embedded","id":"/providers/Microsoft.PowerApps/apis/shared_office365","tier":"NotSpecified"},"shared_todo":{"connectionName":"shared-todo-1ee0b21f-bde1-4368-a0de-166f115593b1","source":"Embedded","id":"/providers/Microsoft.PowerApps/apis/shared_todo","tier":"NotSpecified"}},"flowFailureAlertSubscribed":false,"isManaged":false}}