{"name":"38fd9f64-6e92-490c-a846-8d714f7331fa","id":"/providers/Microsoft.Flow/flows/38fd9f64-6e92-490c-a846-8d714f7331fa","type":"Microsoft.Flow/flows","properties":{"apiId":"/providers/Microsoft.PowerApps/apis/shared_logicflows","displayName":"My Completed ToDo List Emails","definition":{"metadata":{"workflowEntityId":null,"processAdvisorMetadata":null,"flowclientsuspensionreason":"None","flowclientsuspensiontime":null,"flowclientsuspensionreasondetails":null,"creator":{"id":"9165a1bf-6bd0-401c-9ec0-936362b6e709","type":"User","tenantId":"75c416c8-a50a-4a39-938c-48f0658cec01"},"provisioningMethod":"FromDefinition","failureAlertSubscription":true,"clientLastModifiedTime":"2023-01-14T02:14:45.7320306Z"},"$schema":"https://schema.management.azure.com/providers/Microsoft.Logic/schemas/2016-06-01/workflowdefinition.json#","contentVersion":"1.0.0.0","parameters":{"$connections":{"defaultValue":{},"type":"Object"},"$authentication":{"defaultValue":{},"type":"SecureObject"}},"triggers":{"Recurrence":{"recurrence":{"frequency":"Week","interval":1,"timeZone":"Central Standard Time","startTime":"2022-08-26T15:00:00.000Z","schedule":{"weekDays":["Friday"],"hours":["15"]}},"metadata":{"operationMetadataId":"ddee147a-a188-49e5-b401-feeb3774b627"},"type":"Recurrence"}},"actions":{"StartOfWeek":{"runAfter":{"Current_time":["Succeeded"]},"metadata":{"operationMetadataId":"b72157df-175a-4ac4-89ea-228104fb8da5"},"type":"InitializeVariable","inputs":{"variables":[{"name":"StartOfWeek","type":"string","value":"@{addDays(utcNow(),mul(dayOfWeek(body('Current_time')),-1),'yyyy-MM-ddThh:mm:ssZ')}"}]}},"EndOfWeek":{"runAfter":{"StartOfWeek":["Succeeded"]},"metadata":{"operationMetadataId":"b24bea50-8029-4053-8467-607ba8605bc6"},"type":"InitializeVariable","inputs":{"variables":[{"name":"EndOfWeek","type":"string","value":"@{addDays(utcNow(),add(6,mul(dayOfWeek(body('Current_time')),-1)),'yyyy-MM-ddThh:mm:ssZ')}"}]}},"Current_time":{"runAfter":{},"metadata":{"operationMetadataId":"9f786648-7939-494d-957c-df38041c3254"},"type":"Expression","kind":"CurrentTime","inputs":{}},"GetListthenemail":{"actions":{"Get_items":{"runAfter":{},"metadata":{"operationMetadataId":"2e57ac26-2e13-407b-8195-588699a915fc"},"type":"OpenApiConnection","inputs":{"host":{"apiId":"/providers/Microsoft.PowerApps/apis/shared_sharepointonline","connectionName":"shared_sharepointonline","operationId":"GetItems"},"parameters":{"dataset":"https://ttcuthecu-my.sharepoint.com/personal/tarnold_ttcu_com","table":"f4b6b883-5e70-4584-9431-6c06de637130","$filter":"CompletionDate ge '@{variables('StartOfWeek')}' and\nCompletionDate le '@{variables('EndOfWeek')}'"},"authentication":"@parameters('$authentication')"}},"Create_HTML_table":{"runAfter":{"Get_items":["Succeeded"]},"metadata":{"operationMetadataId":"ada47237-07bb-4e41-aa8b-378c209bdfc6"},"type":"Table","inputs":{"from":"@outputs('Get_items')?['body/value']","format":"HTML","columns":[{"header":"Task","value":"@item()?['Title']"},{"header":"CompletionDate","value":"@item()?['CompletionDate']"}]}},"Send_an_email_notification_(V3)":{"runAfter":{"CSS":["Succeeded"]},"metadata":{"operationMetadataId":"a174e814-0383-4baa-b60e-6f796b6020e5"},"type":"OpenApiConnection","inputs":{"host":{"apiId":"/providers/Microsoft.PowerApps/apis/shared_sendmail","connectionName":"shared_sendmail","operationId":"SendEmailV3"},"parameters":{"request/to":"tarnold@ttcu.com;","request/subject":"Completed Tasks","request/text":"<p>@{outputs('CSS')}@{body('Create_HTML_table')}</p>"},"authentication":"@parameters('$authentication')"}},"CSS":{"runAfter":{"Create_HTML_table":["Succeeded"]},"metadata":{"operationMetadataId":"3adb912a-f34a-4da9-b08a-60a6080ba9b8"},"type":"Compose","inputs":"<style>\nTable {\n  font-family: Arial, Helvetica, sans-serif;\n  background-color: #EEEEEE;\n  border-collapse: collapse;\n  width: 100%;\n}\n\nTable td, Table th {\n  border: 1px solid #ddd;\n  padding: 3px 3px;\n}\n\nTable th {\n  font-size: 15px;\n  font-weight: bold;\n  padding-top: 12px;\n  padding-bottom: 12px;\n  text-align: left;\n  background-color: #1C6EA4;\n  color: white;\n}\n</style>"}},"runAfter":{"EndOfWeek":["Succeeded"]},"metadata":{"operationMetadataId":"32d0f839-bece-4b1f-9ce5-9335723683c1"},"type":"Scope"},"Error_Handling":{"actions":{"Results":{"runAfter":{},"metadata":{"operationMetadataId":"5ff2a6d7-18fe-4a04-bc99-d5cbb0664888"},"type":"Query","inputs":{"from":"@result('GetListthenemail')","where":"@equals(item()?['Status'], 'Failed')"}},"Select_Results":{"runAfter":{"Results":["Succeeded"]},"metadata":{"operationMetadataId":"738436eb-4c3e-4c9e-aa4d-f567bd8b9c13"},"type":"Select","inputs":{"from":"@body('Results')","select":{"Action Name":"@item()?['name']","Error Message":"@item()?['error/message']","Error Code":"@coalesce(item()?['error']?['code'], item()?['code'])"}}},"Create_HTML_table_from_Results":{"runAfter":{"Select_Results":["Succeeded"]},"metadata":{"operationMetadataId":"2d9110f6-7598-4651-9076-d30147852a33"},"type":"Table","inputs":{"from":"@body('Select_Results')","format":"HTML"}},"Workflow_URL":{"runAfter":{"Workflow_Info":["Succeeded"]},"metadata":{"operationMetadataId":"f624ae16-56e4-4293-ac9b-a358e115f98b"},"type":"Compose","inputs":"https://make.powerautomate.com/environments/@{outputs('Workflow_Info')?['tags']?['environmentName']}/flows/@{outputs('Workflow_Info')?['name']}/runs/@{outputs('Workflow_Info')?['run']?['name']}"},"Workflow_Info":{"runAfter":{"Create_HTML_table_from_Results":["Succeeded"]},"metadata":{"operationMetadataId":"efc66b1d-6d24-404a-8bf9-f59f4493be79"},"type":"Compose","inputs":"@workflow()"},"Terminate":{"runAfter":{"Send_an_email_(V2)":["Succeeded"]},"metadata":{"operationMetadataId":"3b836f90-f125-42e8-89e6-4a075da4620e"},"type":"Terminate","inputs":{"runStatus":"Cancelled"}},"Send_an_email_(V2)":{"runAfter":{"Create_item":["Succeeded"]},"metadata":{"operationMetadataId":"570ea801-3657-41ad-a50c-b1c40ffb8188"},"type":"OpenApiConnection","inputs":{"host":{"apiId":"/providers/Microsoft.PowerApps/apis/shared_office365","connectionName":"shared_office365","operationId":"SendEmailV2"},"parameters":{"emailMessage/To":"tarnold@ttcu.com","emailMessage/Subject":"Flow has failed! @{workflow()?['tags/FlowDispalyName']}","emailMessage/Body":"<p>@{outputs('CSS_2')}@{body('Create_HTML_table_from_Results')}<br>\n<br>\n<a href=\"@{outputs('Workflow_URL')}\"&>Click here</a>\n</p>","emailMessage/Importance":"Normal"},"authentication":"@parameters('$authentication')"}},"Create_item":{"runAfter":{"CSS_2":["Succeeded"]},"metadata":{"operationMetadataId":"cb6574f4-9481-4447-b877-3772e67533f0"},"type":"OpenApiConnection","inputs":{"host":{"apiId":"/providers/Microsoft.PowerApps/apis/shared_sharepointonline","connectionName":"shared_sharepointonline","operationId":"PostItem"},"parameters":{"dataset":"https://ttcuthecu-my.sharepoint.com/personal/tarnold_ttcu_com","table":"10015b93-61c9-4448-a696-10ed7d73f688","item/Title":"@Workflow()?['tags/flowDisplayName']","item/ActionName":"@First(body('Results'))?['name']","item/ErrorCode":"@coalesce(First(body('Results'))?['error']?['code'], First(body('Results'))?['code'])","item/ErrorMessage":"@First(body('Results'))?['error']?['message']","item/FlowHistoryLink":"@outputs('Workflow_URL')"},"authentication":"@parameters('$authentication')"}},"CSS_2":{"runAfter":{"Workflow_URL":["Succeeded"]},"metadata":{"operationMetadataId":"3adb912a-f34a-4da9-b08a-60a6080ba9b8"},"type":"Compose","inputs":"<style>\nTable {\n  font-family: Arial, Helvetica, sans-serif;\n  background-color: #EEEEEE;\n  border-collapse: collapse;\n  width: 100%;\n}\n\nTable td, Table th {\n  border: 1px solid #ddd;\n  padding: 3px 3px;\n}\n\nTable th {\n  font-size: 15px;\n  font-weight: bold;\n  padding-top: 12px;\n  padding-bottom: 12px;\n  text-align: left;\n  background-color: #1C6EA4;\n  color: white;\n}\n</style>"}},"runAfter":{"GetListthenemail":["Failed","Skipped","TimedOut"]},"metadata":{"operationMetadataId":"09435f51-59c8-43ac-bae2-294e4f052e2e"},"type":"Scope","description":"Change the \"results\" expression in the from field to match the connector or Scope. Then configure run after to for failed, skipped, and timed out."}}},"connectionReferences":{"shared_sharepointonline":{"connectionName":"shared-sharepointonl-4b336501-9dcd-4329-8e62-2b15b9904e8b","source":"Embedded","id":"/providers/Microsoft.PowerApps/apis/shared_sharepointonline","tier":"NotSpecified"},"shared_sendmail":{"connectionName":"shared-sendmail-0382adc9-85c2-4b2a-b652-8555102f25d7","source":"Embedded","id":"/providers/Microsoft.PowerApps/apis/shared_sendmail","tier":"NotSpecified"},"shared_office365":{"connectionName":"362cfe59-add7-4fc4-a4f5-be0f-5405c861","source":"Embedded","id":"/providers/Microsoft.PowerApps/apis/shared_office365","tier":"NotSpecified"}},"flowFailureAlertSubscribed":false,"isManaged":false}}