{"name":"0bf300fd-33da-4d45-85bf-49a1423b15f2","id":"/providers/Microsoft.Flow/flows/0bf300fd-33da-4d45-85bf-49a1423b15f2","type":"Microsoft.Flow/flows","properties":{"apiId":"/providers/Microsoft.PowerApps/apis/shared_logicflows","displayName":"Welcome to the team SharePoint News post","definition":{"metadata":{"workflowEntityId":null,"processAdvisorMetadata":null,"flowclientsuspensionreason":"None","flowclientsuspensiontime":null,"flowclientsuspensionreasondetails":null,"creator":{"id":"1957c37c-e278-45ec-9a7c-bb56ed20d5be","type":"User","tenantId":"b53b59b7-6ada-45cf-9296-6295cb93fc4b"},"provisioningMethod":"FromDefinition","failureAlertSubscription":true,"clientLastModifiedTime":"2023-01-18T06:30:05.3828097Z"},"$schema":"https://schema.management.azure.com/providers/Microsoft.Logic/schemas/2016-06-01/workflowdefinition.json#","contentVersion":"1.0.0.0","parameters":{"$connections":{"defaultValue":{},"type":"Object"},"$authentication":{"defaultValue":{},"type":"SecureObject"}},"triggers":{"When_a_new_response_is_submitted":{"splitOn":"@triggerOutputs()?['body/value']","metadata":{"operationMetadataId":"891bbdaf-3530-48d6-a505-a1003f4d70be"},"type":"OpenApiConnectionWebhook","inputs":{"host":{"apiId":"/providers/Microsoft.PowerApps/apis/shared_microsoftforms","connectionName":"shared_microsoftforms","operationId":"CreateFormWebhook"},"parameters":{"form_id":"t1k7tdpqz0WSlmKVy5P8S3zDVxl44uxFmny7Vu0g1b5UMklLQjcxQzg2SjFRWUU3NDdPN1o1UTBDSS4u"},"authentication":"@parameters('$authentication')"}}},"actions":{"Get_response_details":{"runAfter":{},"metadata":{"operationMetadataId":"c3fa8a26-ba32-4383-80a1-574f0fb33bae"},"type":"OpenApiConnection","inputs":{"host":{"apiId":"/providers/Microsoft.PowerApps/apis/shared_microsoftforms","connectionName":"shared_microsoftforms","operationId":"GetFormResponseById"},"parameters":{"form_id":"t1k7tdpqz0WSlmKVy5P8S3zDVxl44uxFmny7Vu0g1b5UMklLQjcxQzg2SjFRWUU3NDdPN1o1UTBDSS4u","response_id":"@triggerOutputs()?['body/resourceData/responseId']"},"authentication":"@parameters('$authentication')"}},"Send_an_HTTP_request_to_SharePoint-Postpage":{"runAfter":{"Apply_to_each":["Succeeded"]},"metadata":{"operationMetadataId":"4b5a3466-bffc-4118-8a34-3f8014225301"},"type":"OpenApiConnection","inputs":{"host":{"apiId":"/providers/Microsoft.PowerApps/apis/shared_sharepointonline","connectionName":"shared_sharepointonline","operationId":"HttpRequest"},"parameters":{"dataset":"https://lh07.sharepoint.com/sites/workprime","parameters/method":"POST","parameters/uri":"/_api/sitepages/pages","parameters/headers":{"content-type":"application/json;odata=verbose","accept":"applicaiton/json;odata=verbose"},"parameters/body":"{\"__metadata\":{\"type\":\"SP.Publishing.SitePage\"},\"PromotedState\":1,\"PageLayoutType\":\"Article\"}"},"authentication":"@parameters('$authentication')"}},"Send_an_HTTP_request_to_SharePoint-Checkoutpage":{"runAfter":{"Send_an_HTTP_request_to_SharePoint-Postpage":["Succeeded"]},"metadata":{"operationMetadataId":"f0be1ff3-7858-45ae-8273-8674fb1dbc1e"},"type":"OpenApiConnection","inputs":{"host":{"apiId":"/providers/Microsoft.PowerApps/apis/shared_sharepointonline","connectionName":"shared_sharepointonline","operationId":"HttpRequest"},"parameters":{"dataset":"https://lh07.sharepoint.com/sites/workprime","parameters/method":"POST","parameters/uri":"/_api/sitepages/pages(@{outputs('Send_an_HTTP_request_to_SharePoint-Postpage')?['body']?['d']['id']})/checkoutpage","parameters/headers":{"content-type":"application/json;odata=verbose","accept":"applicaiton/json;odata=verbose"}},"authentication":"@parameters('$authentication')"}},"Send_an_HTTP_request_to_SharePoint-SavePageAsDraft":{"runAfter":{"Send_an_HTTP_request_to_SharePoint-Checkoutpage":["Succeeded"]},"metadata":{"operationMetadataId":"db4b8e8b-8d91-4f03-b707-9f81cfd89550"},"type":"OpenApiConnection","inputs":{"host":{"apiId":"/providers/Microsoft.PowerApps/apis/shared_sharepointonline","connectionName":"shared_sharepointonline","operationId":"HttpRequest"},"parameters":{"dataset":"https://lh07.sharepoint.com/sites/workprime","parameters/method":"POST","parameters/uri":"/_api/sitepages/pages(@{outputs('Send_an_HTTP_request_to_SharePoint-Postpage')?['body']?['d']['id']})/SavePageAsDraft","parameters/headers":{"content-type":"application/json;odata=verbose","accept":"applicaiton/json;odata=verbose"},"parameters/body":"{\"__metadata\":{\"type\":\"SP.Publishing.SitePage\"},\"PageRenderingState\":{},\"LayoutWebpartsContent\":\"[{\\\"id\\\":\\\"cbe7b0a9-3504-44dd-a3a3-0e5cacd07788\\\",\\\"instanceId\\\":\\\"cbe7b0a9-3504-44dd-a3a3-0e5cacd07788\\\",\\\"title\\\":\\\"\\\\n      Title area\\\\n    \\\",\\\"description\\\":\\\"\\\\n      Title area description\\\\n    \\\",\\\"audiences\\\":[],\\\"serverProcessedContent\\\":{\\\"htmlStrings\\\":{},\\\"searchablePlainTexts\\\":{},\\\"imageSources\\\":{\\\"imageSource\\\":\\\"https://cdn.hubblecontent.osi.office.net/m365content/publish/005468a8-4488-4d2b-8304-b56fd5387a37/1071099260.jpg\\\"},\\\"links\\\":{},\\\"customMetadata\\\":{\\\"imageSource\\\":{\\\"width\\\":3015,\\\"height\\\":2011}}},\\\"dataVersion\\\":\\\"1.4\\\",\\\"properties\\\":{\\\"imageSourceType\\\":2,\\\"title\\\":\\\"Welcome @{outputs('Get_response_details')?['body/rd301d7ebb1b44824be3e61940fa83485']} to @{variables('Department')}!\\\",\\\"textAlignment\\\":\\\"Left\\\",\\\"showPublishDate\\\":false,\\\"authors\\\":[{\\\"id\\\":\\\"@{variables('ManagerEmail')}\\\",\\\"email\\\":\\\"@{variables('ManagerEmail')}\\\",\\\"name\\\":\\\"@{variables('ManagerName')}\\\",\\\"role\\\":\\\"\\\"}],\\\"showTopicHeader\\\":false,\\\"authorByline\\\":[\\\"@{variables('ManagerEmail')}\\\"],\\\"layoutType\\\":\\\"CutInShape\\\",\\\"titlePlaceholder\\\":\\\"Name your news post\\\",\\\"topicHeader\\\":\\\"\\\",\\\"enableGradientEffect\\\":true,\\\"imgHeight\\\":2011,\\\"imgWidth\\\":3015},\\\"containsDynamicDataSource\\\":false,\\\"reservedHeight\\\":306}]\",\"CanvasContent1\":\"[{\\\"controlType\\\":4,\\\"id\\\":\\\"1212fc8d-dd6b-408a-8d5d-9f1cc787efbb\\\",\\\"position\\\":{\\\"controlIndex\\\":2,\\\"sectionIndex\\\":1,\\\"sectionFactor\\\":12,\\\"zoneIndex\\\":1,\\\"layoutIndex\\\":1},\\\"addedFromPersistedData\\\":true,\\\"innerHTML\\\":\\\"<p>Comments from manager:</p><p><br></p><p><strong>Where @{outputs('Get_response_details')?['body/rd301d7ebb1b44824be3e61940fa83485']} is from: </strong>@{outputs('Get_response_details')?['body/r40d8e2ae60514727887fccc02f0adcac']}</p><p><br></p><p><strong>What @{outputs('Get_response_details')?['body/rd301d7ebb1b44824be3e61940fa83485']} is most looking forward to in their career:&nbsp;</strong>@{outputs('Get_response_details')?['body/r2ea39da972f94d83a6672bc8857ceba4']}</p><p><br></p><p><strong>Current favorite hobbies: </strong>@{outputs('Get_response_details')?['body/r5009c180dde54a3c9eae46924384d488']}</p><p><br></p><p><strong>Current favorite show: </strong>@{outputs('Get_response_details')?['body/rc0aaede9200f41b09aecf9228dac90fc']}</p><p><br></p><p><strong>Secret talent:&nbsp;</strong>@{outputs('Get_response_details')?['body/r35e6fb1178f344299b56589252750293']}</p><p><br></p><p><strong>Top travel destination:&nbsp;</strong>@{outputs('Get_response_details')?['body/r6deb1469d22b446085d2108a40084af6']}</p><p><br></p><p><strong>Reach out to @{outputs('Get_response_details')?['body/rd301d7ebb1b44824be3e61940fa83485']} anytime via teams or email</strong></p><p><br></p>\\\"},{\\\"position\\\":{\\\"controlIndex\\\":3,\\\"sectionIndex\\\":1,\\\"sectionFactor\\\":12,\\\"zoneIndex\\\":1,\\\"layoutIndex\\\":1},\\\"controlType\\\":3,\\\"id\\\":\\\"9e57b05c-051c-475a-aa07-649373426788\\\",\\\"webPartId\\\":\\\"7f718435-ee4d-431c-bdbf-9c4ff326f46e\\\",\\\"reservedHeight\\\":134,\\\"reservedWidth\\\":655,\\\"addedFromPersistedData\\\":true,\\\"webPartData\\\":{\\\"id\\\":\\\"7f718435-ee4d-431c-bdbf-9c4ff326f46e\\\",\\\"instanceId\\\":\\\"9e57b05c-051c-475a-aa07-649373426788\\\",\\\"title\\\":\\\"People\\\",\\\"description\\\":\\\"Display selected people and their profiles\\\",\\\"audiences\\\":[],\\\"serverProcessedContent\\\":{\\\"htmlStrings\\\":{},\\\"searchablePlainTexts\\\":{\\\"persons[0].name\\\":\\\"@{outputs('Get_response_details')?['body/rd301d7ebb1b44824be3e61940fa83485']}\\\",\\\"persons[0].email\\\":\\\"@{variables('Email')}\\\"},\\\"imageSources\\\":{},\\\"links\\\":{}},\\\"dataVersion\\\":\\\"1.3\\\",\\\"properties\\\":{\\\"layout\\\":1,\\\"persons\\\":[{\\\"id\\\":\\\"i:0#.f|membership|@{variables('Email')}\\\",\\\"role\\\":\\\"Designer\\\",\\\"firstName\\\":\\\"\\\",\\\"lastName\\\":\\\"\\\",\\\"upn\\\":\\\"\\\",\\\"phone\\\":\\\"\\\",\\\"sip\\\":\\\"\\\",\\\"department\\\":\\\"\\\"}],\\\"title\\\":\\\"\\\"},\\\"containsDynamicDataSource\\\":false}},{\\\"controlType\\\":0,\\\"pageSettingsSlice\\\":{\\\"isDefaultDescription\\\":true,\\\"isDefaultThumbnail\\\":true,\\\"isSpellCheckEnabled\\\":true,\\\"globalRichTextStylingVersion\\\":0,\\\"rtePageSettings\\\":{\\\"contentVersion\\\":4}}}]\",\"AuthorByline\":[\"@{variables('ManagerEmail')}\"],\"TopicHeader\":\"\",\"BannerImageUrl\":\"https://cdn.hubblecontent.osi.office.net/m365content/publish/005468a8-4488-4d2b-8304-b56fd5387a37/1071099260.jpg\",\"Title\":\"Welcome @{outputs('Get_response_details')?['body/rd301d7ebb1b44824be3e61940fa83485']} to @{variables('Department')}!\"}"},"authentication":"@parameters('$authentication')"}},"Department":{"runAfter":{"UPN":["Succeeded"]},"metadata":{"operationMetadataId":"afa576dc-6107-4fe5-9c26-0c36899b4d3f"},"type":"InitializeVariable","inputs":{"variables":[{"name":"Department","type":"string"}]}},"UPN":{"runAfter":{"Email":["Succeeded"]},"metadata":{"operationMetadataId":"b42ffd10-5a7e-4634-8158-754b6cd2c333"},"type":"InitializeVariable","inputs":{"variables":[{"name":"UPN","type":"string"}]}},"Search_for_users_(V2)":{"runAfter":{"Responsecomments":["Succeeded"]},"metadata":{"operationMetadataId":"9355aa26-e10f-4199-b107-1077ca989765"},"type":"OpenApiConnection","inputs":{"host":{"apiId":"/providers/Microsoft.PowerApps/apis/shared_office365users","connectionName":"shared_office365users","operationId":"SearchUserV2"},"parameters":{"searchTerm":"@outputs('Get_response_details')?['body/rd301d7ebb1b44824be3e61940fa83485']","isSearchTermRequired":true},"authentication":"@parameters('$authentication')"}},"Apply_to_each":{"foreach":"@outputs('Search_for_users_(V2)')?['body/value']","actions":{"Set_variable":{"runAfter":{"Get_manager_(V2)":["Succeeded"]},"metadata":{"operationMetadataId":"5ae0eb3f-a46f-4253-bd1e-2b45f7eaacd3"},"type":"SetVariable","inputs":{"name":"UPN","value":"@items('Apply_to_each')?['UserPrincipalName']"}},"Set_variable_2":{"runAfter":{"Set_variable":["Succeeded"]},"metadata":{"operationMetadataId":"860a37fb-895d-4433-a2a4-e39c85cda467"},"type":"SetVariable","inputs":{"name":"Department","value":"@items('Apply_to_each')?['Department']"}},"Get_manager_(V2)":{"runAfter":{},"metadata":{"operationMetadataId":"a858d5c6-c6e9-4cbe-a9a9-c37ccae2df34"},"type":"OpenApiConnection","inputs":{"host":{"apiId":"/providers/Microsoft.PowerApps/apis/shared_office365users","connectionName":"shared_office365users","operationId":"Manager_V2"},"parameters":{"id":"@items('Apply_to_each')?['UserPrincipalName']"},"authentication":"@parameters('$authentication')"}},"Set_variable_3":{"runAfter":{"Set_variable_2":["Succeeded"]},"metadata":{"operationMetadataId":"fa3cebaa-fc66-403e-9999-85baa83a947b"},"type":"SetVariable","inputs":{"name":"manageremail","value":"@outputs('Get_manager_(V2)')?['body/mail']"}},"Set_variable_4":{"runAfter":{"Set_variable_3":["Succeeded"]},"metadata":{"operationMetadataId":"15bea312-826d-4fdc-8525-adb495d59674"},"type":"SetVariable","inputs":{"name":"ManagerName","value":"@items('Apply_to_each')?['DisplayName']"}},"Set_variable_5":{"runAfter":{"Set_variable_4":["Succeeded"]},"metadata":{"operationMetadataId":"84055adc-a43a-49bd-90f5-cf62e9634f5d"},"type":"SetVariable","inputs":{"name":"Email","value":"@items('Apply_to_each')?['Mail']"}}},"runAfter":{"Search_for_users_(V2)":["Succeeded"]},"metadata":{"operationMetadataId":"d0554b2c-9725-4482-813d-c47ea65dbc3f"},"type":"Foreach"},"ManagerEmail":{"runAfter":{"Department":["Succeeded"]},"metadata":{"operationMetadataId":"3a747ea4-f5ad-4b22-b8c4-86600c1424e7"},"type":"InitializeVariable","inputs":{"variables":[{"name":"ManagerEmail","type":"string"}]}},"ManagerName":{"runAfter":{"ManagerEmail":["Succeeded"]},"metadata":{"operationMetadataId":"21489eb8-945b-42f3-ad57-7eef025f699b"},"type":"InitializeVariable","inputs":{"variables":[{"name":"ManagerName","type":"string"}]}},"Responsecomments":{"runAfter":{"ManagerName":["Succeeded"]},"metadata":{"operationMetadataId":"1fe52464-1c24-4b84-8e7b-70de5799ed65"},"type":"InitializeVariable","inputs":{"variables":[{"name":"ResponseComments","type":"string"}]}},"Email":{"runAfter":{"Get_response_details":["Succeeded"]},"metadata":{"operationMetadataId":"047bff79-f1d4-40b9-9e2b-40582ba6c441"},"type":"InitializeVariable","inputs":{"variables":[{"name":"Email","type":"string"}]}}}},"connectionReferences":{"shared_microsoftforms":{"connectionName":"shared-microsoftform-ec032f2b-aebe-45b3-9314-df09be8578f9","source":"Embedded","id":"/providers/Microsoft.PowerApps/apis/shared_microsoftforms","tier":"NotSpecified"},"shared_sharepointonline":{"connectionName":"shared-sharepointonl-9528a004-acd5-42eb-9768-ec85ebb10ee4","source":"Embedded","id":"/providers/Microsoft.PowerApps/apis/shared_sharepointonline","tier":"NotSpecified"},"shared_office365users":{"connectionName":"7c4e64be27724822858e21b0f0eff18c","source":"Embedded","id":"/providers/Microsoft.PowerApps/apis/shared_office365users","tier":"NotSpecified"}},"flowFailureAlertSubscribed":false,"isManaged":false}}