{"name":"fe8eb2d5-d8f7-4361-9af7-e058c8e5ef89","id":"/providers/Microsoft.Flow/flows/fe8eb2d5-d8f7-4361-9af7-e058c8e5ef89","type":"Microsoft.Flow/flows","properties":{"apiId":"/providers/Microsoft.PowerApps/apis/shared_logicflows","displayName":"Auto schedule a meeting","definition":{"metadata":{"workflowEntityId":null,"processAdvisorMetadata":null,"flowclientsuspensionreason":"None","flowclientsuspensiontime":null,"flowclientsuspensionreasondetails":null,"creator":{"id":"9165a1bf-6bd0-401c-9ec0-936362b6e709","type":"User","tenantId":"75c416c8-a50a-4a39-938c-48f0658cec01"},"provisioningMethod":"FromDefinition","failureAlertSubscription":true,"clientLastModifiedTime":"2022-11-18T19:02:20.8935771Z"},"$schema":"https://schema.management.azure.com/providers/Microsoft.Logic/schemas/2016-06-01/workflowdefinition.json#","contentVersion":"1.0.0.0","parameters":{"$connections":{"defaultValue":{},"type":"Object"},"$authentication":{"defaultValue":{},"type":"SecureObject"}},"triggers":{"manual":{"metadata":{"operationMetadataId":"951e6de1-4ad5-4fe7-9053-3dddc9634baf"},"type":"Request","kind":"Button","inputs":{"schema":{"type":"object","properties":{"email":{"title":"Attendees","type":"string","format":"email","x-ms-dynamically-added":true,"description":"Please enter an e-mail address","x-ms-content-hint":"EMAIL"},"number":{"title":"Duration in min","type":"number","x-ms-dynamically-added":true,"description":"Please enter a number","x-ms-content-hint":"NUMBER"},"text":{"title":"Title","type":"string","x-ms-dynamically-added":true,"description":"Please enter your input","x-ms-content-hint":"TEXT"},"text_1":{"title":"Description","type":"string","x-ms-dynamically-added":true,"description":"Please enter your input","x-ms-content-hint":"TEXT"}},"required":["email","number","text","text_1"]},"headersSchema":{"x-ms-user-email-encoded":{"title":"User email","type":"string","format":"byte","x-ms-dynamically-added":false}}}}},"actions":{"Find_meeting_times_(V2)":{"runAfter":{},"metadata":{"operationMetadataId":"33dfc383-5f0a-4606-ae7d-3c0e2d578977"},"type":"OpenApiConnection","inputs":{"host":{"apiId":"/providers/Microsoft.PowerApps/apis/shared_office365","connectionName":"shared_office365","operationId":"FindMeetingTimes_V2"},"parameters":{"body/RequiredAttendees":"@triggerBody()['email']","body/MeetingDuration":"@triggerBody()['number']","body/Start":"@startOfDay(addDays(utcNow(),1))","body/End":"@AddDays(utcNow(),30)","body/MaxCandidates":1,"body/MinimumAttendeePercentage":"100","body/IsOrganizerOptional":false,"body/ActivityDomain":"Work"},"authentication":{"value":"@json(decodeBase64(triggerOutputs().headers['X-MS-APIM-Tokens']))['$ConnectionKey']","type":"Raw"}}},"Create_a_Teams_meeting":{"runAfter":{"Find_meeting_times_(V2)":["Succeeded"]},"metadata":{"operationMetadataId":"34a484d1-4f4f-4620-85c3-905b854a3686"},"type":"OpenApiConnection","inputs":{"host":{"apiId":"/providers/Microsoft.PowerApps/apis/shared_teams","connectionName":"shared_teams","operationId":"CreateTeamsMeeting"},"parameters":{"calendarid":"Calendar","item/subject":"@triggerBody()['text']","item/body/content":"@triggerBody()['text_1']","item/timeZone":"Central Standard Time","item/start/dateTime":"@ConvertTimeZone(first(outputs('Find_meeting_times_(V2)')?['body/meetingTimeSuggestions'])?['meetingTimeSlot/start/dateTime'],'UTC','Central Standard Time')","item/end/dateTime":"@convertTimeZone(first(outputs('Find_meeting_times_(V2)')?['body/meetingTimeSuggestions'])?['meetingTimeSlot/end/dateTime'], 'UTC', 'Central Standard Time')","item/requiredAttendees":"@triggerBody()['email']"},"authentication":{"value":"@json(decodeBase64(triggerOutputs().headers['X-MS-APIM-Tokens']))['$ConnectionKey']","type":"Raw"}}},"Send_an_email_(V2)":{"runAfter":{"Create_a_Teams_meeting":["Succeeded"]},"metadata":{"operationMetadataId":"5aaecb2f-b085-4005-a463-6669c9dfaadf"},"type":"OpenApiConnection","inputs":{"host":{"apiId":"/providers/Microsoft.PowerApps/apis/shared_office365","connectionName":"shared_office365","operationId":"SendEmailV2"},"parameters":{"emailMessage/To":"@triggerOutputs()['headers']['x-ms-user-email-encoded']","emailMessage/Subject":"Meeting Scheduled: @{triggerBody()['text']}","emailMessage/Body":"<p>Meeting was scheduled for:<br>\n<br>\nStart: @{ConvertTimeZone(first(outputs('Find_meeting_times_(V2)')?['body/meetingTimeSuggestions'])?['meetingTimeSlot/start/dateTime'],'UTC','Central Standard Time')} End: @{convertTimeZone(first(outputs('Find_meeting_times_(V2)')?['body/meetingTimeSuggestions'])?['meetingTimeSlot/end/dateTime'], 'UTC', 'Central Standard Time')}<br>\n<br>\n</p>","emailMessage/Importance":"Normal"},"authentication":{"value":"@json(decodeBase64(triggerOutputs().headers['X-MS-APIM-Tokens']))['$ConnectionKey']","type":"Raw"}}}},"description":"Flow will look for 100% availability for attendees and auto schedule a meeting. Must use either mobile app (button) or Teams to use manual input options to kick off flow."},"connectionReferences":{"shared_office365":{"connectionName":"362cfe59-add7-4fc4-a4f5-be0f-5405c861","source":"Invoker","id":"/providers/Microsoft.PowerApps/apis/shared_office365","tier":"NotSpecified"},"shared_teams":{"connectionName":"shared-teams-026d33a1-4d2d-4143-9498-108e37d7973f","source":"Invoker","id":"/providers/Microsoft.PowerApps/apis/shared_teams","tier":"NotSpecified"}},"flowFailureAlertSubscribed":false,"isManaged":false}}